<?xml version="1.0" encoding="utf-8"?>
<rss version="2.0" xmlns:atom="http://www.w3.org/2005/Atom">
    <channel>
        <title>章工运维</title>
        <link>https://blog.zzppjj.top</link>
        <description>好好学习，天天向上</description>
        <lastBuildDate>Thu, 23 Feb 2023 09:29:47 GMT</lastBuildDate>
        <docs>http://blogs.law.harvard.edu/tech/rss</docs>
        <generator>https://github.com/webmasterish/vuepress-plugin-feed</generator>
        <atom:link href="https://blog.zzppjj.top/feed.atom" rel="self" type="application/rss+xml"/>
        <item>
            <title><![CDATA[LVM管理]]></title>
            <link>https://blog.zzppjj.top/pages/5f261c/</link>
            <guid>https://blog.zzppjj.top/pages/5f261c/</guid>
            <pubDate>Thu, 15 Dec 2022 17:38:10 GMT</pubDate>
            <enclosure url="http://pic.zzppjj.top/LightPicture/2023/01/5a41ef21aac7ec6c.jpg">
            </enclosure>
        </item>
        <item>
            <title><![CDATA[rsync用法及参数详解]]></title>
            <link>https://blog.zzppjj.top/pages/98cac7/</link>
            <guid>https://blog.zzppjj.top/pages/98cac7/</guid>
            <pubDate>Fri, 09 Dec 2022 20:51:06 GMT</pubDate>
            <description><![CDATA[Logrotate入门了解及生产实践]]></description>
        </item>
        <item>
            <title><![CDATA[rsync服务实现推送，拉取]]></title>
            <link>https://blog.zzppjj.top/pages/c7f1bc/</link>
            <guid>https://blog.zzppjj.top/pages/c7f1bc/</guid>
            <pubDate>Fri, 09 Dec 2022 20:51:06 GMT</pubDate>
            <description><![CDATA[Logrotate入门了解及生产实践]]></description>
            <enclosure url="http://s3.51cto.com/wyfs02/M02/8A/01/wKioL1gkBdaDE-dQAAAE5R3eKYo767.png">
            </enclosure>
        </item>
        <item>
            <title><![CDATA[centos7搭建dns,bind配置]]></title>
            <link>https://blog.zzppjj.top/pages/78c801/</link>
            <guid>https://blog.zzppjj.top/pages/78c801/</guid>
            <pubDate>Thu, 15 Dec 2022 19:18:37 GMT</pubDate>
            <description><![CDATA[Logrotate入门了解及生产实践]]></description>
            <enclosure url="http://pic.zzppjj.top/LightPicture/2023/01/c61083c823f2ed94.png">
            </enclosure>
        </item>
        <item>
            <title><![CDATA[sudo权限规划]]></title>
            <link>https://blog.zzppjj.top/pages/0bac05/</link>
            <guid>https://blog.zzppjj.top/pages/0bac05/</guid>
            <pubDate>Thu, 15 Dec 2022 18:49:07 GMT</pubDate>
            <description><![CDATA[sudo权限规划]]></description>
        </item>
        <item>
            <title><![CDATA[sed命令在文本每行,行尾或行首添加字符]]></title>
            <link>https://blog.zzppjj.top/pages/4baba0/</link>
            <guid>https://blog.zzppjj.top/pages/4baba0/</guid>
            <pubDate>Wed, 21 Dec 2022 20:56:09 GMT</pubDate>
            <description><![CDATA[Logrotate入门了解及生产实践]]></description>
            <enclosure url="https://imgconvert.csdnimg.cn/aHR0cHM6Ly9waWMwMDIuY25ibG9ncy5jb20vaW1hZ2VzLzIwMTEvMzIyODMzLzIwMTEwODE5MDk0NDQwMTMucG5n?x-oss-process=image/format,png">
            </enclosure>
        </item>
        <item>
            <title><![CDATA[Logrotate入门了解及生产实践]]></title>
            <link>https://blog.zzppjj.top/pages/a8c469/</link>
            <guid>https://blog.zzppjj.top/pages/a8c469/</guid>
            <pubDate>Wed, 11 Jan 2023 15:19:54 GMT</pubDate>
            <description><![CDATA[Logrotate入门了解及生产实践]]></description>
        </item>
        <item>
            <title><![CDATA[linux修改网卡为eth0的两种方法]]></title>
            <link>https://blog.zzppjj.top/pages/c17655/</link>
            <guid>https://blog.zzppjj.top/pages/c17655/</guid>
            <pubDate>Wed, 21 Dec 2022 14:34:00 GMT</pubDate>
            <description><![CDATA[sudo权限规划]]></description>
            <enclosure url="https://img-blog.csdnimg.cn/20210719151032530.png?x-oss-process=image/watermark,type_ZmFuZ3poZW5naGVpdGk,shadow_10,text_aHR0cHM6Ly9ibG9nLmNzZG4ubmV0L3dlaXhpbl80MjUxNjkyMg==,size_16,color_FFFFFF,t_70">
            </enclosure>
        </item>
    </channel>
</rss>